{"dx1":{"0":0.0,"1":0.0000550691,"2":0.0001101382,"3":0.0001652073,"4":0.9922352552,"5":0.0002753456,"6":0.0003304147,"7":0.0003854838,"8":0.0004405529,"9":0.000495622,"10":0.0005506911,"11":0.0006057602,"12":0.0006608293,"13":0.0007158985,"14":0.0007709676,"15":0.0008260367,"16":0.0008811058,"17":0.0009361749,"18":1.0,"19":0.0010463131},"dx2":{"0":0.0,"1":0.0445287689,"2":0.0886675039,"3":0.2464281975,"4":0.3168181154,"5":0.3648155408,"6":0.4156802557,"7":0.4674992582,"8":0.5189993999,"9":0.5712440499,"10":0.6114051654,"11":0.6554672343,"12":0.7087129521,"13":0.7506989478,"14":0.7914910993,"15":0.832794093,"16":0.8802039379,"17":0.9237474854,"18":0.9596903225,"19":1.0},"dx3":{"0":1.0,"1":0.7884195796,"2":0.5651763498,"3":0.5640212473,"4":0.5929898939,"5":0.5602764794,"6":0.4774713605,"7":0.4286424026,"8":0.4921047293,"9":0.5839705718,"10":0.5588129355,"11":0.4997971325,"12":0.3578623565,"13":0.2033353068,"14":0.1096788484,"15":0.1325573308,"16":0.0316224843,"17":0.0,"18":0.0958196881,"19":0.1969946633},"dx4":{"0":1.0,"1":0.8259823577,"2":0.6471531676,"3":0.5809943865,"4":0.5729751403,"5":0.5324779471,"6":0.4578989575,"7":0.4073777065,"8":0.4306335204,"9":0.4719326383,"10":0.4418604651,"11":0.3889334403,"12":0.2818765036,"13":0.1720128308,"14":0.1022453889,"15":0.1050521251,"16":0.0300721732,"17":0.0,"18":0.0485164395,"19":0.0990376905},"dx5":{"0":1.0,"1":0.7076337051,"2":0.4923218831,"3":0.4846067563,"4":0.5730944206,"5":0.5574307204,"6":0.520016626,"7":0.4473350073,"8":0.538253933,"9":0.7193629754,"10":0.7084194524,"11":0.6870049935,"12":0.48874047,"13":0.2629634058,"14":0.1812969384,"15":0.1830335537,"16":0.1263344892,"17":0.0,"18":0.0296306419,"19":0.0529126739},"dx6":{"0":1.0,"1":0.7561837456,"2":0.5747938751,"3":0.5147232038,"4":0.5559481743,"5":0.5276796231,"6":0.4852767962,"7":0.4169611307,"8":0.4652532391,"9":0.5736160188,"10":0.5535924617,"11":0.5253239105,"12":0.3745583039,"13":0.2120141343,"14":0.148409894,"15":0.1389870436,"16":0.0906949352,"17":0.0,"18":0.0106007067,"19":0.0176678445},"dx7":{"0":1.0,"1":0.8427320325,"2":0.6239811891,"3":0.6238664885,"4":0.6148152646,"5":0.5553868783,"6":0.4461615794,"7":0.406863142,"8":0.4569231911,"9":0.4969874234,"10":0.4708829245,"11":0.3943877689,"12":0.2892377135,"13":0.1857710577,"14":0.0865179608,"15":0.1188567727,"16":0.0,"17":0.0145467304,"18":0.1257657949,"19":0.2571654117},"dx8":{"0":1.0,"1":0.864617397,"2":0.6873773708,"3":0.6200130804,"4":0.5846958797,"5":0.5251798561,"6":0.4329627207,"7":0.3884892086,"8":0.4028776978,"9":0.4107259647,"10":0.3793328973,"11":0.3158927404,"12":0.232177894,"13":0.1543492479,"14":0.0804447351,"15":0.0889470242,"16":0.0026160889,"17":0.0,"18":0.0582079791,"19":0.1262262917},"dx9":{"0":1.0,"1":0.8333128174,"2":0.6290250698,"3":0.6219498055,"4":0.6919069967,"5":0.6968769921,"6":0.693465753,"7":0.6595385554,"8":0.6197983756,"9":0.5771673664,"10":0.5394173279,"11":0.5097259468,"12":0.3896272503,"13":0.327959796,"14":0.3115061658,"15":0.297561438,"16":0.2013653199,"17":0.0796757193,"18":0.0288725738,"19":0.0},"dx10":{"0":1.0,"1":0.8585977702,"2":0.693021012,"3":0.6258576329,"4":0.6471912521,"5":0.6324506861,"6":0.6113314751,"7":0.5700042882,"8":0.525728988,"9":0.4802208405,"10":0.4425921955,"11":0.4094661235,"12":0.3165737564,"13":0.2654373928,"14":0.2437285592,"15":0.2236813894,"16":0.151640223,"17":0.06614494,"18":0.026693825,"19":0.0},"dx11":{"0":1.0,"1":0.8648329332,"2":0.6194461779,"3":0.5668277926,"4":0.6361496885,"5":0.6728747766,"6":0.6766635288,"7":0.6656759358,"8":0.6773129687,"9":0.7191404969,"10":0.7140687306,"11":0.7549908507,"12":0.7279407254,"13":0.6910749606,"14":0.708718784,"15":0.6291697958,"16":0.4411146251,"17":0.209488804,"18":0.0766508361,"19":0.0},"dx12":{"0":1.0,"1":0.8764169816,"2":0.670148922,"3":0.5776839298,"4":0.6065792398,"5":0.6181373639,"6":0.6048010669,"7":0.581018004,"8":0.5734607691,"9":0.5872416092,"10":0.5716825961,"11":0.5870193376,"12":0.5530117804,"13":0.5158924205,"14":0.5165592354,"15":0.4518781952,"16":0.3147366081,"17":0.1518115137,"18":0.0573460769,"19":0.0},"dx13":{"0":1.0,"1":0.8254651939,"2":0.6255934413,"3":0.6332265396,"4":0.6905469754,"5":0.6739755047,"6":0.6594517184,"7":0.6168388903,"8":0.5438603908,"9":0.4692469737,"10":0.4527073274,"11":0.4501727778,"12":0.3323223951,"13":0.2689140053,"14":0.2434991605,"15":0.2519440176,"16":0.1809761531,"17":0.0810329145,"18":0.0403898723,"19":0.0},"dx14":{"0":1.0,"1":0.8584757586,"2":0.7025636554,"3":0.6385594698,"4":0.6458841995,"5":0.6153644925,"6":0.5855423788,"7":0.5382804325,"8":0.4733170562,"9":0.4082664806,"10":0.3840251134,"11":0.3671956749,"12":0.2786013254,"13":0.2274154168,"14":0.1997732822,"15":0.192186955,"16":0.1368154866,"17":0.0667073596,"18":0.0336588769,"19":0.0},"dx15":{"0":1.0,"1":0.8330681195,"2":0.6971557689,"3":0.7090334529,"4":0.8115063846,"5":0.8388593707,"6":0.8607057984,"7":0.8256810901,"8":0.8226963107,"9":0.7663361233,"10":0.6198346984,"11":0.4079438286,"12":0.1630975178,"13":0.0790576967,"14":0.0445094743,"15":0.0545156776,"16":0.0202056981,"17":0.0,"18":0.039347544,"19":0.1178942921},"dx16":{"0":1.0,"1":0.8422321736,"2":0.7133999311,"3":0.6779193937,"4":0.74095763,"5":0.7492249397,"6":0.7519807096,"7":0.7099552187,"8":0.6937650706,"9":0.6365828453,"10":0.5149844988,"11":0.3444712367,"12":0.1508784017,"13":0.0816396831,"14":0.0502928006,"15":0.0516706855,"16":0.020323803,"17":0.0,"18":0.0234240441,"19":0.0740613159}}